category,prompt
Suno,"Industrial metal + orchestral, 140 BPM, epic choir — variation 1"
Suno,"Industrial metal + orchestral, 140 BPM, epic choir — variation 2"
Suno,"Industrial metal + orchestral, 140 BPM, epic choir — variation 3"
Suno,"Industrial metal + orchestral, 140 BPM, epic choir — variation 4"
Suno,"Industrial metal + orchestral, 140 BPM, epic choir — variation 5"
Suno,"Industrial metal + orchestral, 140 BPM, epic choir — variation 6"
Suno,"Industrial metal + orchestral, 140 BPM, epic choir — variation 7"
Suno,"Industrial metal + orchestral, 140 BPM, epic choir — variation 8"
Suno,"Industrial metal + orchestral, 140 BPM, epic choir — variation 9"
Suno,"Industrial metal + orchestral, 140 BPM, epic choir — variation 10"
Suno,"Industrial metal + orchestral, 140 BPM, epic choir — variation 11"
Suno,"Industrial metal + orchestral, 140 BPM, epic choir — variation 12"
Suno,"Industrial metal + orchestral, 140 BPM, epic choir — variation 13"
Suno,"Industrial metal + orchestral, 140 BPM, epic choir — variation 14"
Suno,"Industrial metal + orchestral, 140 BPM, epic choir — variation 15"
Suno,"Industrial metal + orchestral, 140 BPM, epic choir — variation 16"
Suno,"Industrial metal + orchestral, 140 BPM, epic choir — variation 17"
Suno,"Industrial metal + orchestral, 140 BPM, epic choir — variation 18"
Suno,"Industrial metal + orchestral, 140 BPM, epic choir — variation 19"
Suno,"Industrial metal + orchestral, 140 BPM, epic choir — variation 20"
Suno,"Industrial metal + orchestral, 140 BPM, epic choir — variation 21"
Suno,"Industrial metal + orchestral, 140 BPM, epic choir — variation 22"
Suno,"Industrial metal + orchestral, 140 BPM, epic choir — variation 23"
Suno,"Industrial metal + orchestral, 140 BPM, epic choir — variation 24"
Suno,"Industrial metal + orchestral, 140 BPM, epic choir — variation 25"
Suno,"Industrial metal + orchestral, 140 BPM, epic choir — variation 26"
Suno,"Industrial metal + orchestral, 140 BPM, epic choir — variation 27"
Suno,"Industrial metal + orchestral, 140 BPM, epic choir — variation 28"
Suno,"Industrial metal + orchestral, 140 BPM, epic choir — variation 29"
Suno,"Industrial metal + orchestral, 140 BPM, epic choir — variation 30"
Suno,"Industrial metal + orchestral, 140 BPM, epic choir — variation 31"
Suno,"Industrial metal + orchestral, 140 BPM, epic choir — variation 32"
Suno,"Industrial metal + orchestral, 140 BPM, epic choir — variation 33"
Suno,"Industrial metal + orchestral, 140 BPM, epic choir — variation 34"
Suno,"Industrial metal + orchestral, 140 BPM, epic choir — variation 35"
Suno,"Industrial metal + orchestral, 140 BPM, epic choir — variation 36"
Suno,"Industrial metal + orchestral, 140 BPM, epic choir — variation 37"
Suno,"Industrial metal + orchestral, 140 BPM, epic choir — variation 38"
Suno,"Industrial metal + orchestral, 140 BPM, epic choir — variation 39"
Suno,"Industrial metal + orchestral, 140 BPM, epic choir — variation 40"
Suno,"Industrial metal + orchestral, 140 BPM, epic choir — variation 41"
Suno,"Industrial metal + orchestral, 140 BPM, epic choir — variation 42"
Suno,"Industrial metal + orchestral, 140 BPM, epic choir — variation 43"
Suno,"Industrial metal + orchestral, 140 BPM, epic choir — variation 44"
Suno,"Industrial metal + orchestral, 140 BPM, epic choir — variation 45"
Suno,"Industrial metal + orchestral, 140 BPM, epic choir — variation 46"
Suno,"Industrial metal + orchestral, 140 BPM, epic choir — variation 47"
Suno,"Industrial metal + orchestral, 140 BPM, epic choir — variation 48"
Suno,"Industrial metal + orchestral, 140 BPM, epic choir — variation 49"
Suno,"Industrial metal + orchestral, 140 BPM, epic choir — variation 50"
Suno,"Industrial metal + orchestral, 140 BPM, epic choir — variation 51"
Suno,"Industrial metal + orchestral, 140 BPM, epic choir — variation 52"
Suno,"Industrial metal + orchestral, 140 BPM, epic choir — variation 53"
Suno,"Industrial metal + orchestral, 140 BPM, epic choir — variation 54"
Suno,"Industrial metal + orchestral, 140 BPM, epic choir — variation 55"
Suno,"Industrial metal + orchestral, 140 BPM, epic choir — variation 56"
Suno,"Industrial metal + orchestral, 140 BPM, epic choir — variation 57"
Suno,"Industrial metal + orchestral, 140 BPM, epic choir — variation 58"
Suno,"Industrial metal + orchestral, 140 BPM, epic choir — variation 59"
Suno,"Industrial metal + orchestral, 140 BPM, epic choir — variation 60"
Suno,"Industrial metal + orchestral, 140 BPM, epic choir — variation 61"
Suno,"Industrial metal + orchestral, 140 BPM, epic choir — variation 62"
Suno,"Industrial metal + orchestral, 140 BPM, epic choir — variation 63"
Suno,"Industrial metal + orchestral, 140 BPM, epic choir — variation 64"
Suno,"Industrial metal + orchestral, 140 BPM, epic choir — variation 65"
Suno,"Industrial metal + orchestral, 140 BPM, epic choir — variation 66"
Suno,"Industrial metal + orchestral, 140 BPM, epic choir — variation 67"
Suno,"Industrial metal + orchestral, 140 BPM, epic choir — variation 68"
Suno,"Industrial metal + orchestral, 140 BPM, epic choir — variation 69"
Suno,"Industrial metal + orchestral, 140 BPM, epic choir — variation 70"
Suno,"Dark synthwave, 95 BPM, neon ambience, vocoder chorus — variation 1"
Suno,"Dark synthwave, 95 BPM, neon ambience, vocoder chorus — variation 2"
Suno,"Dark synthwave, 95 BPM, neon ambience, vocoder chorus — variation 3"
Suno,"Dark synthwave, 95 BPM, neon ambience, vocoder chorus — variation 4"
Suno,"Dark synthwave, 95 BPM, neon ambience, vocoder chorus — variation 5"
Suno,"Dark synthwave, 95 BPM, neon ambience, vocoder chorus — variation 6"
Suno,"Dark synthwave, 95 BPM, neon ambience, vocoder chorus — variation 7"
Suno,"Dark synthwave, 95 BPM, neon ambience, vocoder chorus — variation 8"
Suno,"Dark synthwave, 95 BPM, neon ambience, vocoder chorus — variation 9"
Suno,"Dark synthwave, 95 BPM, neon ambience, vocoder chorus — variation 10"
Suno,"Dark synthwave, 95 BPM, neon ambience, vocoder chorus — variation 11"
Suno,"Dark synthwave, 95 BPM, neon ambience, vocoder chorus — variation 12"
Suno,"Dark synthwave, 95 BPM, neon ambience, vocoder chorus — variation 13"
Suno,"Dark synthwave, 95 BPM, neon ambience, vocoder chorus — variation 14"
Suno,"Dark synthwave, 95 BPM, neon ambience, vocoder chorus — variation 15"
Suno,"Dark synthwave, 95 BPM, neon ambience, vocoder chorus — variation 16"
Suno,"Dark synthwave, 95 BPM, neon ambience, vocoder chorus — variation 17"
Suno,"Dark synthwave, 95 BPM, neon ambience, vocoder chorus — variation 18"
Suno,"Dark synthwave, 95 BPM, neon ambience, vocoder chorus — variation 19"
Suno,"Dark synthwave, 95 BPM, neon ambience, vocoder chorus — variation 20"
Suno,"Dark synthwave, 95 BPM, neon ambience, vocoder chorus — variation 21"
Suno,"Dark synthwave, 95 BPM, neon ambience, vocoder chorus — variation 22"
Suno,"Dark synthwave, 95 BPM, neon ambience, vocoder chorus — variation 23"
Suno,"Dark synthwave, 95 BPM, neon ambience, vocoder chorus — variation 24"
Suno,"Dark synthwave, 95 BPM, neon ambience, vocoder chorus — variation 25"
Suno,"Dark synthwave, 95 BPM, neon ambience, vocoder chorus — variation 26"
Suno,"Dark synthwave, 95 BPM, neon ambience, vocoder chorus — variation 27"
Suno,"Dark synthwave, 95 BPM, neon ambience, vocoder chorus — variation 28"
Suno,"Dark synthwave, 95 BPM, neon ambience, vocoder chorus — variation 29"
Suno,"Dark synthwave, 95 BPM, neon ambience, vocoder chorus — variation 30"
Suno,"Dark synthwave, 95 BPM, neon ambience, vocoder chorus — variation 31"
Suno,"Dark synthwave, 95 BPM, neon ambience, vocoder chorus — variation 32"
Suno,"Dark synthwave, 95 BPM, neon ambience, vocoder chorus — variation 33"
Suno,"Dark synthwave, 95 BPM, neon ambience, vocoder chorus — variation 34"
Suno,"Dark synthwave, 95 BPM, neon ambience, vocoder chorus — variation 35"
Suno,"Dark synthwave, 95 BPM, neon ambience, vocoder chorus — variation 36"
Suno,"Dark synthwave, 95 BPM, neon ambience, vocoder chorus — variation 37"
Suno,"Dark synthwave, 95 BPM, neon ambience, vocoder chorus — variation 38"
Suno,"Dark synthwave, 95 BPM, neon ambience, vocoder chorus — variation 39"
Suno,"Dark synthwave, 95 BPM, neon ambience, vocoder chorus — variation 40"
Suno,"Dark synthwave, 95 BPM, neon ambience, vocoder chorus — variation 41"
Suno,"Dark synthwave, 95 BPM, neon ambience, vocoder chorus — variation 42"
Suno,"Dark synthwave, 95 BPM, neon ambience, vocoder chorus — variation 43"
Suno,"Dark synthwave, 95 BPM, neon ambience, vocoder chorus — variation 44"
Suno,"Dark synthwave, 95 BPM, neon ambience, vocoder chorus — variation 45"
Suno,"Dark synthwave, 95 BPM, neon ambience, vocoder chorus — variation 46"
Suno,"Dark synthwave, 95 BPM, neon ambience, vocoder chorus — variation 47"
Suno,"Dark synthwave, 95 BPM, neon ambience, vocoder chorus — variation 48"
Suno,"Dark synthwave, 95 BPM, neon ambience, vocoder chorus — variation 49"
Suno,"Dark synthwave, 95 BPM, neon ambience, vocoder chorus — variation 50"
Suno,"Dark synthwave, 95 BPM, neon ambience, vocoder chorus — variation 51"
Suno,"Dark synthwave, 95 BPM, neon ambience, vocoder chorus — variation 52"
Suno,"Dark synthwave, 95 BPM, neon ambience, vocoder chorus — variation 53"
Suno,"Dark synthwave, 95 BPM, neon ambience, vocoder chorus — variation 54"
Suno,"Dark synthwave, 95 BPM, neon ambience, vocoder chorus — variation 55"
Suno,"Dark synthwave, 95 BPM, neon ambience, vocoder chorus — variation 56"
Suno,"Dark synthwave, 95 BPM, neon ambience, vocoder chorus — variation 57"
Suno,"Dark synthwave, 95 BPM, neon ambience, vocoder chorus — variation 58"
Suno,"Dark synthwave, 95 BPM, neon ambience, vocoder chorus — variation 59"
Suno,"Dark synthwave, 95 BPM, neon ambience, vocoder chorus — variation 60"
Suno,"Dark synthwave, 95 BPM, neon ambience, vocoder chorus — variation 61"
Suno,"Dark synthwave, 95 BPM, neon ambience, vocoder chorus — variation 62"
Suno,"Dark synthwave, 95 BPM, neon ambience, vocoder chorus — variation 63"
Suno,"Dark synthwave, 95 BPM, neon ambience, vocoder chorus — variation 64"
Suno,"Dark synthwave, 95 BPM, neon ambience, vocoder chorus — variation 65"
Suno,"Dark synthwave, 95 BPM, neon ambience, vocoder chorus — variation 66"
Suno,"Dark synthwave, 95 BPM, neon ambience, vocoder chorus — variation 67"
Suno,"Dark synthwave, 95 BPM, neon ambience, vocoder chorus — variation 68"
Suno,"Dark synthwave, 95 BPM, neon ambience, vocoder chorus — variation 69"
Suno,"Dark synthwave, 95 BPM, neon ambience, vocoder chorus — variation 70"
Suno,"Acoustic folk, 72 BPM, fingerstyle, warm room reverb — variation 1"
Suno,"Acoustic folk, 72 BPM, fingerstyle, warm room reverb — variation 2"
Suno,"Acoustic folk, 72 BPM, fingerstyle, warm room reverb — variation 3"
Suno,"Acoustic folk, 72 BPM, fingerstyle, warm room reverb — variation 4"
Suno,"Acoustic folk, 72 BPM, fingerstyle, warm room reverb — variation 5"
Suno,"Acoustic folk, 72 BPM, fingerstyle, warm room reverb — variation 6"
Suno,"Acoustic folk, 72 BPM, fingerstyle, warm room reverb — variation 7"
Suno,"Acoustic folk, 72 BPM, fingerstyle, warm room reverb — variation 8"
Suno,"Acoustic folk, 72 BPM, fingerstyle, warm room reverb — variation 9"
Suno,"Acoustic folk, 72 BPM, fingerstyle, warm room reverb — variation 10"
Suno,"Acoustic folk, 72 BPM, fingerstyle, warm room reverb — variation 11"
Suno,"Acoustic folk, 72 BPM, fingerstyle, warm room reverb — variation 12"
Suno,"Acoustic folk, 72 BPM, fingerstyle, warm room reverb — variation 13"
Suno,"Acoustic folk, 72 BPM, fingerstyle, warm room reverb — variation 14"
Suno,"Acoustic folk, 72 BPM, fingerstyle, warm room reverb — variation 15"
Suno,"Acoustic folk, 72 BPM, fingerstyle, warm room reverb — variation 16"
Suno,"Acoustic folk, 72 BPM, fingerstyle, warm room reverb — variation 17"
Suno,"Acoustic folk, 72 BPM, fingerstyle, warm room reverb — variation 18"
Suno,"Acoustic folk, 72 BPM, fingerstyle, warm room reverb — variation 19"
Suno,"Acoustic folk, 72 BPM, fingerstyle, warm room reverb — variation 20"
Suno,"Acoustic folk, 72 BPM, fingerstyle, warm room reverb — variation 21"
Suno,"Acoustic folk, 72 BPM, fingerstyle, warm room reverb — variation 22"
Suno,"Acoustic folk, 72 BPM, fingerstyle, warm room reverb — variation 23"
Suno,"Acoustic folk, 72 BPM, fingerstyle, warm room reverb — variation 24"
Suno,"Acoustic folk, 72 BPM, fingerstyle, warm room reverb — variation 25"
Suno,"Acoustic folk, 72 BPM, fingerstyle, warm room reverb — variation 26"
Suno,"Acoustic folk, 72 BPM, fingerstyle, warm room reverb — variation 27"
Suno,"Acoustic folk, 72 BPM, fingerstyle, warm room reverb — variation 28"
Suno,"Acoustic folk, 72 BPM, fingerstyle, warm room reverb — variation 29"
Suno,"Acoustic folk, 72 BPM, fingerstyle, warm room reverb — variation 30"
Suno,"Acoustic folk, 72 BPM, fingerstyle, warm room reverb — variation 31"
Suno,"Acoustic folk, 72 BPM, fingerstyle, warm room reverb — variation 32"
Suno,"Acoustic folk, 72 BPM, fingerstyle, warm room reverb — variation 33"
Suno,"Acoustic folk, 72 BPM, fingerstyle, warm room reverb — variation 34"
Suno,"Acoustic folk, 72 BPM, fingerstyle, warm room reverb — variation 35"
Suno,"Acoustic folk, 72 BPM, fingerstyle, warm room reverb — variation 36"
Suno,"Acoustic folk, 72 BPM, fingerstyle, warm room reverb — variation 37"
Suno,"Acoustic folk, 72 BPM, fingerstyle, warm room reverb — variation 38"
Suno,"Acoustic folk, 72 BPM, fingerstyle, warm room reverb — variation 39"
Suno,"Acoustic folk, 72 BPM, fingerstyle, warm room reverb — variation 40"
Suno,"Acoustic folk, 72 BPM, fingerstyle, warm room reverb — variation 41"
Suno,"Acoustic folk, 72 BPM, fingerstyle, warm room reverb — variation 42"
Suno,"Acoustic folk, 72 BPM, fingerstyle, warm room reverb — variation 43"
Suno,"Acoustic folk, 72 BPM, fingerstyle, warm room reverb — variation 44"
Suno,"Acoustic folk, 72 BPM, fingerstyle, warm room reverb — variation 45"
Suno,"Acoustic folk, 72 BPM, fingerstyle, warm room reverb — variation 46"
Suno,"Acoustic folk, 72 BPM, fingerstyle, warm room reverb — variation 47"
Suno,"Acoustic folk, 72 BPM, fingerstyle, warm room reverb — variation 48"
Suno,"Acoustic folk, 72 BPM, fingerstyle, warm room reverb — variation 49"
Suno,"Acoustic folk, 72 BPM, fingerstyle, warm room reverb — variation 50"
Suno,"Acoustic folk, 72 BPM, fingerstyle, warm room reverb — variation 51"
Suno,"Acoustic folk, 72 BPM, fingerstyle, warm room reverb — variation 52"
Suno,"Acoustic folk, 72 BPM, fingerstyle, warm room reverb — variation 53"
Suno,"Acoustic folk, 72 BPM, fingerstyle, warm room reverb — variation 54"
Suno,"Acoustic folk, 72 BPM, fingerstyle, warm room reverb — variation 55"
Suno,"Acoustic folk, 72 BPM, fingerstyle, warm room reverb — variation 56"
Suno,"Acoustic folk, 72 BPM, fingerstyle, warm room reverb — variation 57"
Suno,"Acoustic folk, 72 BPM, fingerstyle, warm room reverb — variation 58"
Suno,"Acoustic folk, 72 BPM, fingerstyle, warm room reverb — variation 59"
Suno,"Acoustic folk, 72 BPM, fingerstyle, warm room reverb — variation 60"
